Candidate Name,District,Cook Rating,Position,Source,Source URL
Bill Hill (Independent),AK-AL,Likely R,Does not support Medicare for All,Campaign site,https://billhillforalaskans.com/bills-platform/
Clyde Jones,AL-01,Solid R,Does not support Medicare for All,Campaign site,https://clydeforcongress.com/issues
Shomari Figures,AL-02,Likely R,Supports Medicare for All or single-payer,Cosponsors H.R. 3069,https://www.govtrack.us/congress/bills/119/hr3069/cosponsors
Lee McInnis,AL-03,Solid R,Does not support Medicare for All,News coverage,https://www.alreporter.com/2025/12/01/democratic-congressional-aspirant-lee-mcinnis-explains-his-candidacy/
Amanda Pusczek,AL-04,Solid R,Does not support Medicare for All,Campaign site,https://www.amandaforalabama.com/policy
Andrew Sneed,AL-05,Solid R,Does not support Medicare for All,Campaign site,https://www.sneedforcongress.com/healthcare
Maurice Mercer,AL-06,Solid R,Does not support Medicare for All,Campaign site,https://www.mauricemercer.com/platform
Terri Sewell,AL-07,Solid D,Does not support Medicare for All,Campaign site,https://sewellforcongress.com/healthcare
Terri Yarbrough Green,AR-01,Solid R,Does not support Medicare for All,Campaign site,https://www.terrigreenforarkansas.com/
Chris Jones,AR-02,Solid R,Does not support Medicare for All,Campaign site,https://chrisjonesforcongress.com/affordability
Robb Ryerse,AR-03,Solid R,Supports Medicare for All or single-payer,Campaign site,https://www.robbforcongress.com/post/health-care-for-all
James Russell,AR-04,Solid R,Does not support Medicare for All,Campaign site,https://russellforar.com/
Amish Shah,AZ-01,Toss Up,Does not support Medicare for All,Campaign site,https://www.amishforarizona.com/issues
Jonathan Nez,AZ-02,Likely R,Does not support Medicare for All,Reviewed by hand,https://www.jonathannezforaz.com/issues
Yassamin Ansari,AZ-03,Solid D,Supports Medicare for All or single-payer,Cosponsors H.R. 3069,https://www.govtrack.us/congress/bills/119/hr3069/cosponsors
Greg Stanton,AZ-04,Solid D,Does not support Medicare for All,News coverage,https://azmirror.com/2019/08/29/like-presidential-hopefuls-arizona-dems-split-on-medicare-for-all/
Elizabeth Lee,AZ-05,Solid R,Supports Medicare for All or single-payer,Campaign site,https://www.nurselee4az.com/issues/healthcare-is-a-human-right
JoAnna Mendoza,AZ-06,Toss Up,Does not support Medicare for All,Campaign site,https://www.joannamendoza.com/issues/healthcare
Adelita Grijalva,AZ-07,Solid D,Supports Medicare for All or single-payer,Cosponsors H.R. 3069,https://www.govtrack.us/congress/bills/119/hr3069/cosponsors
Bernadette Greene-Placentia,AZ-08,Solid R,Does not support Medicare for All,Campaign site,https://bgp4az.com/
Danielle Sterbinsky,AZ-09,Solid R,Does not support Medicare for All,Campaign site,https://www.sterbinskyforcongress.com/
Mike McGuire,CA-01,Solid D,Supports Medicare for All or single-payer,Campaign site,https://www.votemikemcguire.com/issues
Jared Huffman,CA-02,Solid D,Supports Medicare for All or single-payer,Cosponsors H.R. 3069,https://www.govtrack.us/congress/bills/119/hr3069/cosponsors
Ami Bera,CA-03,Solid D,Does not support Medicare for All,Campaign site,https://www.beraforcongress.com/issues/healthcare
Eric Jones,CA-04,Solid D,Does not support Medicare for All,Campaign site,https://www.ericjones.us/priorities/fight-corruption
Mike Thompson,CA-04,Solid D,Supports Medicare for All or single-payer,Cosponsors H.R. 3069,https://www.govtrack.us/congress/bills/119/hr3069/cosponsors
Michael Masuda,CA-05,Solid R,Does not support Medicare for All,Campaign site,https://www.votemasuda.com/issues
Richard Pan,CA-06,Solid D,Does not support Medicare for All,Reviewed by hand,https://pro.stateaffairs.com/ca/news/richard-pan-congressional-candidate-ambigious-on-universal-healthcare
Doris Matsui,CA-07,Solid D,Does not support Medicare for All,Campaign site,https://matsuiforcongress.com/issues
Mai Vang,CA-07,Solid D,Supports Medicare for All or single-payer,Campaign site,https://www.maiforus.com/
John Garamendi,CA-08,Solid D,Supports Medicare for All or single-payer,Cosponsors H.R. 3069,https://www.govtrack.us/congress/bills/119/hr3069/cosponsors
Josh Harder,CA-09,Solid D,Supports Medicare for All or single-payer,Cosponsors H.R. 3069,https://www.govtrack.us/congress/bills/119/hr3069/cosponsors
Mark DeSaulnier,CA-10,Solid D,Supports Medicare for All or single-payer,Cosponsors H.R. 3069,https://www.govtrack.us/congress/bills/119/hr3069/cosponsors
Connie Chan,CA-11,Solid D,Supports Medicare for All or single-payer,Reviewed by hand,https://ballotpedia.org/Connie_Chan
Scott Wiener,CA-11,Solid D,Supports Medicare for All or single-payer,Campaign site,https://www.scottwiener.com/priorities
Jamie Joyce,CA-12,Solid D,Does not support Medicare for All,Campaign site,https://www.jamiejoyce.com/
Lateefah Simon,CA-12,Solid D,Supports Medicare for All or single-payer,Cosponsors H.R. 3069,https://www.govtrack.us/congress/bills/119/hr3069/cosponsors
Adam Gray,CA-13,Lean D,Does not support Medicare for All,Campaign site,https://www.adamgrayforcongress.com/issues
Aisha Wahab,CA-14,Solid D,Supports Medicare for All or single-payer,Reviewed by hand,https://www.aishawahab.com/simple
Melissa Hernandez,CA-14,Solid D,Does not support Medicare for All,Campaign site,https://melissahernandez2026.com/issues
Kevin Mullin,CA-15,Solid D,Supports Medicare for All or single-payer,Cosponsors H.R. 3069,https://www.govtrack.us/congress/bills/119/hr3069/cosponsors
Sam Liccardo,CA-16,Solid D,Does not support Medicare for All,Campaign site,https://www.samliccardo.com/accomplishments
Ro Khanna,CA-17,Solid D,Supports Medicare for All or single-payer,Cosponsors H.R. 3069,https://www.govtrack.us/congress/bills/119/hr3069/cosponsors
Zoe Lofgren,CA-18,Solid D,Supports Medicare for All or single-payer,Cosponsors H.R. 3069,https://www.govtrack.us/congress/bills/119/hr3069/cosponsors
Jimmy Panetta,CA-19,Solid D,Supports Medicare for All or single-payer,Cosponsors H.R. 3069,https://www.govtrack.us/congress/bills/119/hr3069/cosponsors
Sandra Van Scotter,CA-20,Solid R,Supports Medicare for All or single-payer,Campaign site,https://www.electsandravanscotter.com/issues
Jim Costa,CA-21,Likely D,Does not support Medicare for All,News coverage,https://costa.house.gov/issues/healthcare
Randy Villegas,CA-22,Toss Up,Supports Medicare for All or single-payer,Campaign site,https://www.villegasforcongress.com/issues/immigration
Tessa Lynn Hodge,CA-23,Solid R,Supports Medicare for All or single-payer,Campaign site,https://www.tessaforca.com/issues/issue-1
Salud Carbajal,CA-24,Solid D,Supports Medicare for All or single-payer,Cosponsors H.R. 3069,https://www.govtrack.us/congress/bills/119/hr3069/cosponsors
Raul Ruiz,CA-25,Solid D,Does not support Medicare for All,Campaign site,https://drraulruiz.com/issues
Jacqui Irwin,CA-26,Solid D,Does not support Medicare for All,Reviewed by hand,https://irwin.asmdc.org/covered-california
George Whitesides,CA-27,Solid D,Does not support Medicare for All,Campaign site,https://www.georgewhitesides.com/
Judy Chu,CA-28,Solid D,Supports Medicare for All or single-payer,Cosponsors H.R. 3069,https://www.govtrack.us/congress/bills/119/hr3069/cosponsors
Angélica María Dueñas,CA-29,Solid D,Supports Medicare for All or single-payer,News coverage,https://angelica4congress.com/healthcare/
Luz Rivas,CA-29,Solid D,Supports Medicare for All or single-payer,Cosponsors H.R. 3069,https://www.govtrack.us/congress/bills/119/hr3069/cosponsors
Laura Friedman,CA-30,Solid D,Supports Medicare for All or single-payer,Cosponsors H.R. 3069,https://www.govtrack.us/congress/bills/119/hr3069/cosponsors
Gil Cisneros,CA-31,Solid D,Does not support Medicare for All,News coverage,https://www.gilonthehill.com/on-the-issues/
Brad Sherman,CA-32,Solid D,Supports Medicare for All or single-payer,Cosponsors H.R. 3069,https://www.govtrack.us/congress/bills/119/hr3069/cosponsors
Pete Aguilar,CA-33,Solid D,Does not support Medicare for All,News coverage,https://aguilar.house.gov/issues/
Angela Gonzales-Torres,CA-34,Solid D,Supports Medicare for All or single-payer,Campaign site,https://www.angela4congress.com/issues
Jimmy Gomez,CA-34,Solid D,Supports Medicare for All or single-payer,Cosponsors H.R. 3069,https://www.govtrack.us/congress/bills/119/hr3069/cosponsors
Norma Torres,CA-35,Solid D,Does not support Medicare for All,News coverage,https://torres.house.gov/issues/health-care
Ted Lieu,CA-36,Solid D,Supports Medicare for All or single-payer,Cosponsors H.R. 3069,https://www.govtrack.us/congress/bills/119/hr3069/cosponsors
Samantha Mota,CA-37,Solid D,Does not support Medicare for All,Campaign site,https://www.motaforcongress.com/issues/universal-healthcare
Sydney Kamlager-Dove,CA-37,Solid D,Supports Medicare for All or single-payer,Cosponsors H.R. 3069,https://www.govtrack.us/congress/bills/119/hr3069/cosponsors
Hilda Solis,CA-38,Solid D,Does not support Medicare for All,Campaign site,https://www.hildasolis.com/
Mark Takano,CA-39,Solid D,Supports Medicare for All or single-payer,Cosponsors H.R. 3069,https://www.govtrack.us/congress/bills/119/hr3069/cosponsors
Linda Sánchez,CA-41,Solid D,Supports Medicare for All or single-payer,Cosponsors H.R. 3069,https://www.govtrack.us/congress/bills/119/hr3069/cosponsors
Robert Garcia,CA-42,Solid D,Supports Medicare for All or single-payer,Cosponsors H.R. 3069,https://www.govtrack.us/congress/bills/119/hr3069/cosponsors
Maxine Waters,CA-43,Solid D,Supports Medicare for All or single-payer,Cosponsors H.R. 3069,https://www.govtrack.us/congress/bills/119/hr3069/cosponsors
Nanette Barragán,CA-44,Solid D,Supports Medicare for All or single-payer,Cosponsors H.R. 3069,https://www.govtrack.us/congress/bills/119/hr3069/cosponsors
Derek Tran,CA-45,Likely D,Does not support Medicare for All,Campaign site,https://www.derektranforcongress.com/
Lou Correa,CA-46,Solid D,Does not support Medicare for All,News coverage,https://correa.house.gov/news/press-releases/rep-lou-correa-votes-to-protect-and-expand-affordable-care-act-
Dave Min,CA-47,Solid D,Supports Medicare for All or single-payer,Cosponsors H.R. 3069,https://www.govtrack.us/congress/bills/119/hr3069/cosponsors
Marni von Wilpert,CA-48,Lean D,Does not support Medicare for All,Campaign site,https://www.marnivonwilpert.com/issues
Mike Levin,CA-49,Solid D,Supports Medicare for All or single-payer,Cosponsors H.R. 3069,https://www.govtrack.us/congress/bills/119/hr3069/cosponsors
Scott Peters,CA-50,Solid D,Does not support Medicare for All,Campaign site,https://scottpeters.com/issues/health-care
Sara Jacobs,CA-51,Solid D,Supports Medicare for All or single-payer,Cosponsors H.R. 3069,https://www.govtrack.us/congress/bills/119/hr3069/cosponsors
Juan Vargas,CA-52,Solid D,Supports Medicare for All or single-payer,Cosponsors H.R. 3069,https://www.govtrack.us/congress/bills/119/hr3069/cosponsors
Melat Kiros,CO-01,Solid D,Supports Medicare for All or single-payer,Campaign site,https://www.kirosforco.com/priorities-2
Joe Neguse,CO-02,Solid D,Supports Medicare for All or single-payer,Cosponsors H.R. 3069,https://www.govtrack.us/congress/bills/119/hr3069/cosponsors
Dwayne Romero,CO-03,Likely R,Does not support Medicare for All,Campaign site,https://www.romeroforcolorado.com/issues
Eileen Laubacher,CO-04,Solid R,Does not support Medicare for All,Campaign site,https://www.eileenforcolorado.com/platform
Jessica Killin,CO-05,Likely R,Does not support Medicare for All,Campaign site,https://www.killinforcolorado.com/priorities
Jason Crow,CO-06,Solid D,Does not support Medicare for All,Campaign site,https://jasoncrow.org/values
Brittany Pettersen,CO-07,Solid D,Does not support Medicare for All,Campaign site,https://brittanypettersen.com/issues
Manny Rutinel,CO-08,Toss Up,Does not support Medicare for All,Campaign site,https://www.mannyforcolorado.com/issues
Luke Bronin,CT-01,Solid D,Does not support Medicare for All,Campaign site,https://www.broninforcongress.com/issues/protecting-medicare-medicaid-and-pushing-for-universal-healthcare
Joe Courtney,CT-02,Solid D,Does not support Medicare for All,News coverage,https://courtney.house.gov/issues/medicare-buy-and-health-care-stabilization-act
Rosa DeLauro,CT-03,Solid D,Does not support Medicare for All,Campaign site,https://rosadelauro.com/issue/health-care
Jim Himes,CT-04,Solid D,Does not support Medicare for All,News coverage,https://www.himesforcongress.com/priorities/healthcare/
Jahana Hayes,CT-05,Solid D,Supports Medicare for All or single-payer,Cosponsors H.R. 3069,https://www.govtrack.us/congress/bills/119/hr3069/cosponsors
Robert White (non-voting delegate),DC-AL,,Supports Medicare for All or single-payer,Reviewed by hand,https://weareprogressives.org/congressional-progressive-caucus-pac-endorses-robert-white-for-dc-delegate/
Gay Valimont,FL-01,Solid R,Does not support Medicare for All,Campaign site,https://www.gayforcongress.com/issues
Amanda Green,FL-02,Solid R,Does not support Medicare for All,Campaign site,https://www.amgforcongress.com/top-priorities
Seth Harp,FL-03,Solid R,Does not support Medicare for All,Campaign site,https://www.sethharpforcongress.com/issues
LaShonda Holloway,FL-04,Solid R,Does not support Medicare for All,Campaign site,https://www.hollowayforcongress.com/
Rachel Grage,FL-05,Solid R,Does not support Medicare for All,Campaign site,https://rachelgrage.com/
Eric Yonce,FL-06,Solid R,Does not support Medicare for All,News coverage,https://www.yonceforcongress.com/
Bale Dalton,FL-07,Likely R,Does not support Medicare for All,Campaign site,https://baledalton.com/priorities
Jennifer Jenkins,FL-08,Solid R,Does not support Medicare for All,News coverage,https://jenkinsforfl.com/priorities/
Darren Soto,FL-09,Likely R,Does not support Medicare for All,Campaign site,https://www.darrensoto.com/healthcare
Maxwell Frost,FL-10,Solid D,Supports Medicare for All or single-payer,Cosponsors H.R. 3069,https://www.govtrack.us/congress/bills/119/hr3069/cosponsors
James Pericola,FL-11,Solid R,Does not support Medicare for All,News coverage,https://jamespericola.com/
Kimberly Overman,FL-12,Solid R,Does not support Medicare for All,Campaign site,https://kimberlyoverman.com/issues
Leela Gray,FL-13,Likely R,Does not support Medicare for All,Campaign site,https://www.leelagray.com/issues/fighting-for-our-most-vulnerable
Kathy Castor,FL-14,Toss Up,Does not support Medicare for All,Campaign site,https://castorforcongress.com/about
Robert People,FL-15,Solid R,Supports Medicare for All or single-payer,Campaign site,https://www.peopleforcongress.com/general-7
Kelly Kirschner,FL-16,Solid R,Does not support Medicare for All,Campaign site,https://kellykirschner.com/
Matthew Montavon,FL-17,Solid R,Does not support Medicare for All,Campaign site,https://www.montavonforcongress.com/new-page
Curtis Gibson,FL-18,Solid R,Does not support Medicare for All,Campaign site,https://votecurtisgibson.com/
Victor Arias,FL-19,Solid R,Does not support Medicare for All,News coverage,https://votearias.us/
Debbie Wasserman Schultz,FL-20,Solid D,Does not support Medicare for All,Campaign site,https://debbiewassermanschultz.com/
James Martin,FL-21,Solid R,Does not support Medicare for All,Campaign site,https://www.jamesmartinforflorida.com/
Pia Dandiya,FL-22,Lean R,Does not support Medicare for All,News coverage,https://piaforcongress.com/priorities
Lois Frankel,FL-23,Solid D,Supports Medicare for All or single-payer,Cosponsors H.R. 3069,https://www.govtrack.us/congress/bills/119/hr3069/cosponsors
Oliver Gilbert,FL-24,Solid D,Supports Medicare for All or single-payer,News coverage,https://www.oliverforcongress.com/issues/healthcare
Jared Moskowitz,FL-25,Toss Up,Supports Medicare for All or single-payer,Cosponsors H.R. 3069,https://www.govtrack.us/congress/bills/119/hr3069/cosponsors
Nicole Locklin,FL-26,Solid R,Supports Medicare for All or single-payer,Campaign site,https://locklinforcongress.com/issues-healthcare
Eliott Rodriguez,FL-27,Likely R,Does not support Medicare for All,News coverage,https://www.cbsnews.com/miami/news/2026-florida-primary-district-27-eliott-rodriguez/
Phil Ehr,FL-28,Solid R,Does not support Medicare for All,Campaign site,https://ehrforcongress.us/meet-phil
Amanda Hollowell,GA-01,Solid R,Does not support Medicare for All,Campaign site,https://www.amandaforga.com/issues
Sanford Bishop,GA-02,Solid D,Does not support Medicare for All,Campaign site,https://sanfordbishop.com/issues
Maura Keller,GA-03,Solid R,Does not support Medicare for All,Campaign site,https://maurakeller.com/issues
Hank Johnson,GA-04,Solid D,Supports Medicare for All or single-payer,Cosponsors H.R. 3069,https://www.govtrack.us/congress/bills/119/hr3069/cosponsors
Nikema Williams,GA-05,Solid D,Supports Medicare for All or single-payer,Cosponsors H.R. 3069,https://www.govtrack.us/congress/bills/119/hr3069/cosponsors
Lucy McBath,GA-06,Solid D,Does not support Medicare for All,Campaign site,https://lucyforcongress.com/issues
Anthony Kozycki,GA-07,Solid R,Does not support Medicare for All,News coverage,https://kozyckiforcongress.com/issues.html
Kelly Etsi,GA-08,Solid R,Does not support Medicare for All,News coverage,https://www.kellyesti4congress.com/
Caitlyn Gegen,GA-09,Solid R,Supports Medicare for All or single-payer,News coverage,https://nowgeorgia.com/gegen-pitches-progressive-platform-systemic-change-in-9th-district-race/
Pamela DeLancy,GA-10,Solid R,Does not support Medicare for All,Campaign site,https://www.votepamdelancy.com/issues
Chris Harden,GA-11,Solid R,Does not support Medicare for All,Campaign site,https://www.electharden.com/
Ceretta Smith,GA-12,Solid R,Does not support Medicare for All,News coverage,https://cerettaforga.com/
Jasmine Clark,GA-13,Solid D,Does not support Medicare for All,Campaign site,https://www.jasmine4ga.com/agenda
Shawn Harris,GA-14,Solid R,Does not support Medicare for All,Campaign site,https://www.shawnforgeorgia.com/on-the-issues/healthcare
Ed Case,HI-01,Solid D,Does not support Medicare for All,News coverage,https://edcase.com/agenda/
Jill Tokuda,HI-02,Solid D,Supports Medicare for All or single-payer,Cosponsors H.R. 3069,https://www.govtrack.us/congress/bills/119/hr3069/cosponsors
Christina Bohannan,IA-01,Toss Up,Does not support Medicare for All,Campaign site,https://bohannanforcongress.com/priorities
Lindsay James,IA-02,Lean R,Does not support Medicare for All,Campaign site,https://www.lindsayforiowa.com/issues/issue-2
Sarah Trone Garriott,IA-03,Toss Up,Does not support Medicare for All,Campaign site,https://sarahforiowa.com/issue/health-care-thats-affordable-and-there-when-you-need-it
Dave Dawson,IA-04,Solid R,Does not support Medicare for All,News coverage,https://davedawsonforiowa.com/
Kaylee Peterson,ID-01,Solid R,Supports Medicare for All or single-payer,Campaign site,https://www.kayleeforcongress.com/platform
Elinor Gilbreath,ID-02,Solid R,Does not support Medicare for All,News coverage,https://ellieforidaho.com/
Jonathan Jackson,IL-01,Solid D,Supports Medicare for All or single-payer,Cosponsors H.R. 3069,https://www.govtrack.us/congress/bills/119/hr3069/cosponsors
Donna Miller,IL-02,Solid D,Supports Medicare for All or single-payer,Campaign site,https://donnaforcongress.com/priorities
Delia Ramirez,IL-03,Solid D,Supports Medicare for All or single-payer,Cosponsors H.R. 3069,https://www.govtrack.us/congress/bills/119/hr3069/cosponsors
Patty Garcia,IL-04,Solid D,Supports Medicare for All or single-payer,Campaign site,https://pattyforillinois.com/issues
Mike Quigley,IL-05,Solid D,Supports Medicare for All or single-payer,Cosponsors H.R. 3069,https://www.govtrack.us/congress/bills/119/hr3069/cosponsors
Sean Casten,IL-06,Solid D,Does not support Medicare for All,Campaign site,https://www.castenforcongress.com/issues/health-care
La Shawn Ford,IL-07,Solid D,Does not support Medicare for All,Campaign site,https://fordforcongress.com/healthcare-that-puts-people-first
Melissa Bean,IL-08,Solid D,Does not support Medicare for All,Campaign site,https://www.melissabeanforcongress.com/issues
Daniel Biss,IL-09,Solid D,Supports Medicare for All or single-payer,Campaign site,https://www.danielbiss.com/issues/protecting-social-security-medicare-and-a-dignified-retirement
Brad Schneider,IL-10,Solid D,Does not support Medicare for All,Campaign site,https://www.schneiderforcongress.com/issues/health-care
Bill Foster,IL-11,Solid D,Does not support Medicare for All,Campaign site,https://www.billfoster.com/issue/healthcare
Julie Fortier,IL-12,Solid R,Does not support Medicare for All,Campaign site,https://www.juliefortier.org/
Nikki Budzinski,IL-13,Solid D,Does not support Medicare for All,Campaign site,https://nikkiforcongress.com/issues/improving-health-care-access
Lauren Underwood,IL-14,Solid D,Does not support Medicare for All,Reviewed by hand,https://www.cbsnews.com/news/the-youngest-black-woman-in-congress-has-an-alternative-to-medicare-for-all
Jennifer Todd,IL-15,Solid R,Does not support Medicare for All,Campaign site,https://www.jentodd2026.us/issues
Paul Nolley,IL-16,Solid R,Does not support Medicare for All,Campaign site,https://www.nolleyforcongress.com/issues
Eric Sorensen,IL-17,Solid D,Does not support Medicare for All,Campaign site,https://www.ericforillinois.com/issues/healthcare
Frank Mrvan,IN-01,Likely D,Does not support Medicare for All,Campaign site,https://mrvanforcongress.com/issues
Jamee Decio,IN-02,Solid R,Does not support Medicare for All,News coverage,https://decioforcongress.com/
Kelly Thompson,IN-03,Solid R,Does not support Medicare for All,Campaign site,https://www.kellythompsonforcongress.com/policies/healthcare/healthcare
Drew Cox,IN-04,Solid R,Supports Medicare for All or single-payer,Campaign site,https://www.drewcox.org/the-issues
J. D. Ford,IN-05,Solid R,Does not support Medicare for All,Campaign site,https://www.electjdford.com/platform
Cynthia Wirth,IN-06,Solid R,Supports Medicare for All or single-payer,Campaign site,https://wirth4congress.com/priorities/improve-access-to-healthcare
André Carson,IN-07,Solid D,Supports Medicare for All or single-payer,Cosponsors H.R. 3069,https://www.govtrack.us/congress/bills/119/hr3069/cosponsors
Mary Allen,IN-08,Solid R,Does not support Medicare for All,Campaign site,https://www.maryallenforcongress.com/priorities
Brad Meyer,IN-09,Solid R,Supports Medicare for All or single-payer,News coverage,https://bradmeyer.org/Healthcare.html
Lauren Reinhold,KS-01,Solid R,Does not support Medicare for All,Campaign site,https://www.laurenforkansas.com/priorities
Don Coover,KS-02,Solid R,Does not support Medicare for All,Reviewed by hand,https://kvoe.com/2026/02/18/coover-discusses-congressional-campaign-with-residents-in-emporia-osage-city/
Sharice Davids,KS-03,Solid D,Does not support Medicare for All,Campaign site,https://shariceforcongress.com/issues
Katy Tyndell,KS-04,Solid R,Does not support Medicare for All,News coverage,https://katyforkansas.com/issues/
Drew Williams,KY-01,Solid R,Does not support Medicare for All,News coverage,https://www.williamsforky.com/
Megan Wingfield,KY-02,Solid R,Supports Medicare for All or single-payer,News coverage,https://www.wingfieldforcongress.com/
Morgan McGarvey,KY-03,Solid D,Supports Medicare for All or single-payer,Cosponsors H.R. 3069,https://www.govtrack.us/congress/bills/119/hr3069/cosponsors
Melissa Strange,KY-04,Solid R,Does not support Medicare for All,Campaign site,https://strangeforky.com/
Ned Pillersdorf,KY-05,Solid R,Does not support Medicare for All,Campaign site,https://nedforcongress.com/
Zach Dembo,KY-06,Likely R,Does not support Medicare for All,Campaign site,https://zachdembo.com/priority/make-healthcare-affordable-for-everyone
Lauren Jewett,LA-01,Solid R,Supports Medicare for All or single-payer,Campaign site,https://www.laurenjewett.com/issues/quality-healthcare
Troy Carter,LA-02,Solid D,Supports Medicare for All or single-payer,Cosponsors H.R. 3069,https://www.govtrack.us/congress/bills/119/hr3069/cosponsors
Caleb Walker,LA-03,Solid R,Does not support Medicare for All,Campaign site,https://www.calebforcongress.com/
John Day,LA-03,Solid R,Does not support Medicare for All,Campaign site,https://johndayforcongress.com/john-day-for-congress-platform
Priscilla Gonzalez,LA-03,Solid R,Does not support Medicare for All,No source,
Conrad Cable,LA-04,Solid R,Supports Medicare for All or single-payer,Campaign site,https://www.conrad4congress2026.com/
Matt Gromlich,LA-04,Solid R,Does not support Medicare for All,Campaign site,https://www.mattgromlichforcongress.com/priorities
Antonio Wilson,LA-05,Solid R,Does not support Medicare for All,No source,
Dan McKay,LA-05,Solid R,Does not support Medicare for All,No source,https://www.mckayforcongress.com/
Patricia Moore,LA-05,Solid R,Does not support Medicare for All,No source,
Chauna Banks,LA-06,Solid R,Does not support Medicare for All,No source,
Lindsay Garcia,LA-06,Solid R,Does not support Medicare for All,Campaign site,https://www.rubiagarcia.com/issues
Patrick Forbes,LA-06,Solid R,Does not support Medicare for All,Campaign site,https://www.patforbes.com/about-pat
Dan Schwartz,MD-01,Solid R,Does not support Medicare for All,Campaign site,https://schwartzforcongress.com/policy
Johnny Olszewski,MD-02,Solid D,Does not support Medicare for All,Campaign site,https://gojohnnyo.com/priorities
Sarah Elfreth,MD-03,Solid D,Supports Medicare for All or single-payer,Cosponsors H.R. 3069,https://www.govtrack.us/congress/bills/119/hr3069/cosponsors
Glenn Ivey,MD-04,Solid D,Supports Medicare for All or single-payer,Cosponsors H.R. 3069,https://www.govtrack.us/congress/bills/119/hr3069/cosponsors
Adrian Boafo,MD-05,Solid D,Supports Medicare for All or single-payer,News coverage,https://www.adrianboafo.com/issues
April McClain Delaney,MD-06,Solid D,Supports Medicare for All or single-payer,Cosponsors H.R. 3069,https://www.govtrack.us/congress/bills/119/hr3069/cosponsors
Kweisi Mfume,MD-07,Solid D,Supports Medicare for All or single-payer,Cosponsors H.R. 3069,https://www.govtrack.us/congress/bills/119/hr3069/cosponsors
Jamie Raskin,MD-08,Solid D,Supports Medicare for All or single-payer,Cosponsors H.R. 3069,https://www.govtrack.us/congress/bills/119/hr3069/cosponsors
Chellie Pingree,ME-01,Solid D,Supports Medicare for All or single-payer,Cosponsors H.R. 3069,https://www.govtrack.us/congress/bills/119/hr3069/cosponsors
Matthew Dunlap,ME-02,Likely R,Supports Medicare for All or single-payer,Campaign site,https://www.mattdunlapforuscongress.com/issues
Callie Barr,MI-01,Solid R,Does not support Medicare for All,Campaign site,https://callieforcongress.com/platform
Benjamin Ambrose,MI-02,Solid R,Supports Medicare for All or single-payer,News coverage,https://ambrose4congress.com/priorities
Hillary Scholten,MI-03,Solid D,Does not support Medicare for All,Campaign site,https://hillaryscholten.com/priorities
Sean McCann,MI-04,Lean R,Does not support Medicare for All,Campaign site,https://seanmccannforcongress.com/issues
Christian Vukasovich,MI-05,Solid R,Supports Medicare for All or single-payer,News coverage,https://www.lenaweeindivisible.org/lenawee-indivisible-endorses-christian-vukasovich-for-mi-05/
Debbie Dingell,MI-06,Solid D,Supports Medicare for All or single-payer,Cosponsors H.R. 3069,https://www.govtrack.us/congress/bills/119/hr3069/cosponsors
William Lawrence,MI-07,Toss Up,Supports Medicare for All or single-payer,Campaign site,https://wewill2026.com/platform
Kristen McDonald Rivet,MI-08,Likely D,Does not support Medicare for All,Reviewed by hand,https://kristenmcdonaldrivet.com/
Ray Pooley,MI-09,Solid R,Supports Medicare for All or single-payer,Campaign site,https://www.pooley4congress.com/about-2
Christina Hines,MI-10,Toss Up,Does not support Medicare for All,Campaign site,https://www.christinahinesforcongress.com/
Jeremy Moss,MI-11,Solid D,Does not support Medicare for All,Campaign site,https://votejeremymoss.com/priorities
Rashida Tlaib,MI-12,Solid D,Supports Medicare for All or single-payer,Cosponsors H.R. 3069,https://www.govtrack.us/congress/bills/119/hr3069/cosponsors
Donavan McKinney,MI-13,Solid D,Supports Medicare for All or single-payer,Campaign site,https://www.donavanforcongress.com/priorities
Jake Johnson,MN-01,Likely R,Does not support Medicare for All,Campaign site,https://www.jakejohnsonforcongress.com/priorities
Matt Little,MN-02,Likely D,Supports Medicare for All or single-payer,Campaign site,https://littleforcongress.com/
Kelly Morrison,MN-03,Solid D,Does not support Medicare for All,Campaign site,https://www.kellyforcongress.org/
Betty McCollum,MN-04,Solid D,Supports Medicare for All or single-payer,Cosponsors H.R. 3069,https://www.govtrack.us/congress/bills/119/hr3069/cosponsors
Ilhan Omar,MN-05,Solid D,Supports Medicare for All or single-payer,Cosponsors H.R. 3069,https://www.govtrack.us/congress/bills/119/hr3069/cosponsors
Doug Chapin,MN-06,Solid R,Supports Medicare for All or single-payer,Campaign site,https://chapinforcongress.com/issues
Erik Osberg,MN-07,Solid R,Supports Medicare for All or single-payer,Campaign site,https://www.erikosberg4congress.com/priorities/healthcare-for-everyone
Trina Swanson,MN-08,Solid R,Does not support Medicare for All,Campaign site,https://trinaforcongress.com/priorities
Wesley Bell,MO-01,Solid D,Supports Medicare for All or single-payer,Cosponsors H.R. 3069,https://www.govtrack.us/congress/bills/119/hr3069/cosponsors
Fred Wellman,MO-02,Solid R,Does not support Medicare for All,Campaign site,https://www.wellmanformo.com/policy
Bethany Mann,MO-03,Solid R,Supports Medicare for All or single-payer,Campaign site,https://www.bethanymannforcongress.com/healthcare
Jordan Herrera,MO-04,Solid R,Does not support Medicare for All,Campaign site,https://jordanjherrera.com/
Emanuel Cleaver,MO-05,Solid R,Supports Medicare for All or single-payer,Cosponsors H.R. 3069,https://www.govtrack.us/congress/bills/119/hr3069/cosponsors
Josh Smead,MO-06,Solid R,Does not support Medicare for All,Campaign site,https://votesmead.com/
Missi Hesketh,MO-07,Solid R,Supports Medicare for All or single-payer,Campaign site,https://www.missiformo.com/healthcare-that-works-for-all
Christopher Riechard,MO-08,Solid R,Does not support Medicare for All,News coverage,https://reichardforrep.com/
Cliff Johnson,MS-01,Solid R,Does not support Medicare for All,Campaign site,https://www.cliffjohnsonforcongress.com/
Bennie Thompson,MS-02,Solid D,Supports Medicare for All or single-payer,Cosponsors H.R. 3069,https://www.govtrack.us/congress/bills/119/hr3069/cosponsors
Michael Chiaradio,MS-03,Solid R,Does not support Medicare for All,Campaign site,https://michaelachiaradio.com/issues
Jeffrey Hulum III,MS-04,Solid R,Does not support Medicare for All,Campaign site,https://www.jeffreyhulumiiiforcongress.com/healthcare
Sam Forstag,MT-01,Likely R,Does not support Medicare for All,Campaign site,https://samformontana.com/policies
Brian Miller,MT-02,Solid R,Supports Medicare for All or single-payer,Campaign site,https://www.miller4congress.com/copy-of-respect-the-u-s-constitution
Don Davis,NC-01,Lean R,Does not support Medicare for All,Campaign site,https://www.votedondavis.com/about
Deborah Ross,NC-02,Solid D,Does not support Medicare for All,Campaign site,https://deborahross.com/priorities/access-to-affordable-health-care
Raymond Smith Jr.,NC-03,Solid R,Does not support Medicare for All,Campaign site,https://raymondsmithfornc.com/platform
Valerie Foushee,NC-04,Solid D,Supports Medicare for All or single-payer,Cosponsors H.R. 3069,https://www.govtrack.us/congress/bills/119/hr3069/cosponsors
Chuck Hubbard,NC-05,Solid R,Does not support Medicare for All,Campaign site,https://hubbardforcongress.com/platform
Cyril Jefferson,NC-06,Solid R,Does not support Medicare for All,Campaign site,https://www.cyrilforcongress.com/issues/healthcare-hunger-relief
Kim Hardy,NC-07,Solid R,Does not support Medicare for All,Campaign site,https://www.kimberlyhardyforcongress.com/priorities
Colby Watson,NC-08,Solid R,Does not support Medicare for All,Campaign site,https://www.colbyforcongress.com/healthcare
Richard Ojeda,NC-09,Solid R,Does not support Medicare for All,News coverage,https://ojedafornc.com/ensuring-quality-healthcare/
Ashley Bell,NC-10,Solid R,Does not support Medicare for All,Campaign site,https://www.ashleybellforcongress.com/issues
Jamie Ager,NC-11,Lean R,Does not support Medicare for All,Campaign site,https://agerforcongress.com/platform
Alma Adams,NC-12,Solid D,Supports Medicare for All or single-payer,Cosponsors H.R. 3069,https://www.govtrack.us/congress/bills/119/hr3069/cosponsors
Paul Barringer,NC-13,Solid R,Does not support Medicare for All,Campaign site,https://paulbarringer.com/
LaKesha Womack,NC-14,Solid R,Does not support Medicare for All,Campaign site,https://www.womack4nc14.com/issues
Trygve Hammer,ND-AL,Solid R,Supports Medicare for All or single-payer,News coverage,https://www.hammerfornd.com/priorities
Chris Backemeyer,NE-01,Solid R,Does not support Medicare for All,Campaign site,https://backnebraska.com/making-healthcare-affordable-accessible
Denise Powell,NE-02,Lean D,Does not support Medicare for All,Campaign site,https://deniseforcongress.org/priorities
Becky Stille,NE-03,Solid R,Does not support Medicare for All,Campaign site,https://www.beckystille2026.com/issues
Donald Norcross,NJ-01,Solid D,Does not support Medicare for All,Campaign site,https://www.donaldnorcrossforcongress.com/issue/improving-health-care
Zack Mullock,NJ-02,Solid R,Supports Medicare for All or single-payer,News coverage,https://mullockforcongress.com/
Herb Conaway,NJ-03,Solid D,Does not support Medicare for All,Campaign site,https://www.herbforcongress.com/
Rachel Peace,NJ-04,Solid R,Does not support Medicare for All,News coverage,https://www.njcitizenaction.org/njca_pac_endorses_rachel_peace_for_cd4
Josh Gottheimer,NJ-05,Solid D,Does not support Medicare for All,Reviewed by hand,https://gottheimer.com/
Frank Pallone,NJ-06,Solid D,Supports Medicare for All or single-payer,Cosponsors H.R. 3069,https://www.govtrack.us/congress/bills/119/hr3069/cosponsors
Rebecca Bennett,NJ-07,Toss Up,Does not support Medicare for All,Campaign site,https://rebeccabennettforcongress.com/priorities/lowering-healthcare-costs
Rob Menendez,NJ-08,Solid D,Does not support Medicare for All,Campaign site,https://www.robmenendez.com/issues/affordability
Nellie Pou,NJ-09,Likely D,Does not support Medicare for All,No source,https://www.nelliepoufornewjersey.com/
LaMonica McIver,NJ-10,Solid D,Supports Medicare for All or single-payer,Cosponsors H.R. 3069,https://www.govtrack.us/congress/bills/119/hr3069/cosponsors
Analilia Mejia,NJ-11,Solid D,Supports Medicare for All or single-payer,Cosponsors H.R. 3069,https://www.govtrack.us/congress/bills/119/hr3069/cosponsors
Adam Hamawy,NJ-12,Solid D,Supports Medicare for All or single-payer,Campaign site,https://hamawyfornj.com/priorities
Melanie Stansbury,NM-01,Solid D,Supports Medicare for All or single-payer,Cosponsors H.R. 3069,https://www.govtrack.us/congress/bills/119/hr3069/cosponsors
Gabe Vasquez,NM-02,Lean D,Does not support Medicare for All,News coverage,https://gabeforcongress.com/issues/
Teresa Leger Fernández,NM-03,Solid D,Supports Medicare for All or single-payer,Cosponsors H.R. 3069,https://www.govtrack.us/congress/bills/119/hr3069/cosponsors
Dina Titus,NV-01,Likely D,Supports Medicare for All or single-payer,Cosponsors H.R. 3069,https://www.govtrack.us/congress/bills/119/hr3069/cosponsors
Teresa Benitez-Thompson,NV-02,Solid R,Supports Medicare for All or single-payer,News coverage,https://www.kunr.org/local-stories/2026-03-24/meet-teresa-benitez-thompson-democratic-candidate-for-nevadas-cd2
Susie Lee,NV-03,Lean D,Does not support Medicare for All,Reviewed by hand,https://susieleeforcongress.com/
Steven Horsford,NV-04,Likely D,Does not support Medicare for All,Campaign site,https://stevenhorsford.com/priorities
Chris Gallant,NY-01,Solid R,Does not support Medicare for All,Campaign site,https://gallantny.com/mission-three
Patrick Halpin,NY-02,Solid R,Does not support Medicare for All,Campaign site,https://www.halpinforcongress.com/healthcare
Tom Suozzi,NY-03,Lean D,Does not support Medicare for All,Reviewed by hand,https://www.tomsuozzi.com/
Laura Gillen,NY-04,Lean D,Does not support Medicare for All,Campaign site,https://lauragillen.com/meet
Gregory Meeks,NY-05,Solid D,Supports Medicare for All or single-payer,Cosponsors H.R. 3069,https://www.govtrack.us/congress/bills/119/hr3069/cosponsors
Grace Meng,NY-06,Solid D,Supports Medicare for All or single-payer,Cosponsors H.R. 3069,https://www.govtrack.us/congress/bills/119/hr3069/cosponsors
Claire Valdez,NY-07,Solid D,Supports Medicare for All or single-payer,Campaign site,https://clairevaldezforcongress.com/
Hakeem Jeffries,NY-08,Solid D,Does not support Medicare for All,Reviewed by hand,https://jeffriesforcongress.com/
Yvette Clarke,NY-09,Solid D,Supports Medicare for All or single-payer,Cosponsors H.R. 3069,https://www.govtrack.us/congress/bills/119/hr3069/cosponsors
Brad Lander,NY-10,Solid D,Supports Medicare for All or single-payer,Reviewed by hand,https://www.bradlanderforcongress.com/issues
Michael DeCillis,NY-11,Solid R,Supports Medicare for All or single-payer,Campaign site,https://www.decillisforcongress.com/issues
Micah Lasher,NY-12,Solid D,Supports Medicare for All or single-payer,Campaign site,https://micahlasher.com/platform-and-policies
Darializa Avila Chevalier,NY-13,Solid D,Supports Medicare for All or single-payer,Campaign site,https://www.darializaforcongress.com/issues
Alexandria Ocasio-Cortez,NY-14,Solid D,Supports Medicare for All or single-payer,Cosponsors H.R. 3069,https://www.govtrack.us/congress/bills/119/hr3069/cosponsors
Ritchie Torres,NY-15,Solid D,Supports Medicare for All or single-payer,Cosponsors H.R. 3069,https://www.govtrack.us/congress/bills/119/hr3069/cosponsors
George Latimer,NY-16,Solid D,Does not support Medicare for All,Campaign site,https://latimerforny.com/priorities
Cait Conley,NY-17,Toss Up,Does not support Medicare for All,Campaign site,https://caitconley.com/policy
Pat Ryan,NY-18,Solid D,Does not support Medicare for All,Reviewed by hand,https://patryanforcongress.com/
Josh Riley,NY-19,Likely D,Does not support Medicare for All,News coverage,https://riley.house.gov/media/press-releases
Paul Tonko,NY-20,Solid D,Supports Medicare for All or single-payer,Cosponsors H.R. 3069,https://www.govtrack.us/congress/bills/119/hr3069/cosponsors
Blake Gendebien,NY-21,Solid R,Does not support Medicare for All,Campaign site,https://blakegendebienforcongress.com/issues
John Mannion,NY-22,Solid D,Does not support Medicare for All,Campaign site,https://www.mannionforny.com/on-the-issues/healthcare
Aaron Gies,NY-23,Solid R,Supports Medicare for All or single-payer,News coverage,https://aaronforny23.com/
Alissa Ellman,NY-24,Solid R,Does not support Medicare for All,Campaign site,https://www.ellmanforcongress.com/issues
Joseph Morelle,NY-25,Solid D,Does not support Medicare for All,Campaign site,https://www.votemorelle.com/fixing-healthcare
Tim Kennedy,NY-26,Solid D,Supports Medicare for All or single-payer,Cosponsors H.R. 3069,https://www.govtrack.us/congress/bills/119/hr3069/cosponsors
Greg Landsman,OH-01,Lean D,Does not support Medicare for All,Campaign site,https://www.landsmanforcongress.com/the-issues-1
Jennifer Mazzuckelli,OH-02,Solid R,Does not support Medicare for All,Campaign site,https://jen4oh2.com/
Joyce Beatty,OH-03,Solid D,Does not support Medicare for All,Campaign site,https://beattyforcongress.com/issues-page
Joshua Kolasinski,OH-04,Solid R,Does not support Medicare for All,Campaign site,https://www.joshuaforohio.com/
Brian Shaver,OH-05,Solid R,Does not support Medicare for All,Campaign site,https://www.brianshaverforcongress.com/
Elizabeth Kirtley,OH-06,Solid R,Does not support Medicare for All,Campaign site,https://www.elizabethforus.com/issues
Brian Poindexter,OH-07,Toss Up,Does not support Medicare for All,Reviewed by hand,https://poindexterforcongress.com/
Vanessa Enoch,OH-08,Solid R,Does not support Medicare for All,Campaign site,https://enochforcongress.com/issue/reducing-rising-healthcare-costs
Marcy Kaptur,OH-09,Toss Up,Does not support Medicare for All,Campaign site,https://marcykaptur.com/priorities
Kristina Knickerbocker,OH-10,Likely R,Does not support Medicare for All,Campaign site,https://kristinaknickerbocker.com/my-priorities
Shontel Brown,OH-11,Solid D,Supports Medicare for All or single-payer,Cosponsors H.R. 3069,https://www.govtrack.us/congress/bills/119/hr3069/cosponsors
Jerrad Christian,OH-12,Solid R,Does not support Medicare for All,Campaign site,https://www.christianforohio.com/issues
Emilia Sykes,OH-13,Likely D,Does not support Medicare for All,Reviewed by hand,https://sykes.house.gov/issues/health-care
Maria Jukic,OH-14,Solid R,Does not support Medicare for All,News coverage,https://www.mariajukicforcongress.com/healthcare-the-road-to-universal-coverage/
Don Leonard,OH-15,Likely R,Does not support Medicare for All,Campaign site,https://donforohio.com/values
John Croisant,OK-01,Solid R,Does not support Medicare for All,Campaign site,https://www.croisantforcongress.com/issues
Brandon Wade,OK-02,Solid R,Supports Medicare for All or single-payer,Campaign site,https://brandon4congress.com/policies
Suzie Byrd,OK-03,Solid R,Does not support Medicare for All,News coverage,https://www.ballotready.org/people/suzie-byrd
Mitchell Jacob,OK-04,Solid R,Does not support Medicare for All,Campaign site,https://www.mitchelljacob.com/
Jena Nelson,OK-05,Solid R,Does not support Medicare for All,News coverage,https://jenanelson.com/issues/
Suzanne Bonamici,OR-01,Solid D,Supports Medicare for All or single-payer,Cosponsors H.R. 3069,https://www.govtrack.us/congress/bills/119/hr3069/cosponsors
Chris Beck,OR-02,Solid R,Does not support Medicare for All,Campaign site,https://chrisbeckforcongress.com/district2issues
Maxine Dexter,OR-03,Solid D,Supports Medicare for All or single-payer,Cosponsors H.R. 3069,https://www.govtrack.us/congress/bills/119/hr3069/cosponsors
Val Hoyle,OR-04,Solid D,Supports Medicare for All or single-payer,Cosponsors H.R. 3069,https://www.govtrack.us/congress/bills/119/hr3069/cosponsors
Janelle Bynum,OR-05,Solid D,Does not support Medicare for All,Campaign site,https://www.janellebynum.com/issues/lowering-cost-of-healthcare
Andrea Salinas,OR-06,Solid D,Supports Medicare for All or single-payer,Cosponsors H.R. 3069,https://www.govtrack.us/congress/bills/119/hr3069/cosponsors
Bob Harvie,PA-01,Likely R,Does not support Medicare for All,Campaign site,https://bobharvieforcongress.com/priorities
Brendan Boyle,PA-02,Solid D,Supports Medicare for All or single-payer,Cosponsors H.R. 3069,https://www.govtrack.us/congress/bills/119/hr3069/cosponsors
Chris Rabb,PA-03,Solid D,Supports Medicare for All or single-payer,Campaign site,https://www.chrisrabb.com/platform
Madeleine Dean,PA-04,Solid D,Does not support Medicare for All,Campaign site,https://mad4pa.com/issues/healthcare
Mary Gay Scanlon,PA-05,Solid D,Does not support Medicare for All,Reviewed by hand,https://www.scanlonforcongress.com/about
Chrissy Houlahan,PA-06,Solid D,Does not support Medicare for All,Reviewed by hand,https://chrissyhoulahanforcongress.com/
Bob Brooks,PA-07,Toss Up,Supports Medicare for All or single-payer,News coverage,https://muhlenbergweekly.com/campus-voices/an-interview-with-bob-brooks-candidate-for-pa-07/
Paige Cognetti,PA-08,Toss Up,Does not support Medicare for All,News coverage,https://paigeforpa.com/
Rachel Wallace,PA-09,Solid R,Does not support Medicare for All,Campaign site,https://www.wallaceforcongress.com/
Janelle Stelson,PA-10,Toss Up,Does not support Medicare for All,Campaign site,https://janellestelson.com/priorities
Nancy Mannion,PA-11,Solid R,Does not support Medicare for All,Campaign site,https://www.nancymannion.com/
Summer Lee,PA-12,Solid D,Supports Medicare for All or single-payer,Cosponsors H.R. 3069,https://www.govtrack.us/congress/bills/119/hr3069/cosponsors
Beth Farnham,PA-13,Solid R,Supports Medicare for All or single-payer,Campaign site,https://bethfarnhamforcongress.com/2026/08/09/healthcare-for-all-not-only-saves-money-but-vision
Alan Bradstock,PA-14,Solid R,Does not support Medicare for All,Campaign site,https://www.bradstockforcongress.com/issues
Ray Bilger,PA-15,Solid R,Does not support Medicare for All,Campaign site,https://bilgerforcongress.com/priorities
Justin Wagner,PA-16,Solid R,Supports Medicare for All or single-payer,Campaign site,https://www.justinwagnerforcongress.com/platform
Chris Deluzio,PA-17,Solid D,Supports Medicare for All or single-payer,Cosponsors H.R. 3069,https://www.govtrack.us/congress/bills/119/hr3069/cosponsors
Nancy Lacore,SC-01,Likely R,Does not support Medicare for All,Campaign site,https://www.nancylacore.com/priorities
Zyon Khalifa,SC-02,Solid R,Does not support Medicare for All,Campaign site,https://www.khalifaforcongress.com/platform
Eunice Lehmacher,SC-03,Solid R,Does not support Medicare for All,Campaign site,https://www.euniceforsc.com/
Courtney McClain,SC-04,Solid R,Supports Medicare for All or single-payer,Campaign site,https://www.mcclainforsc.com/issues/issue-2
Mallory Dittmer,SC-05,Solid R,Does not support Medicare for All,Campaign site,https://www.dittmerforcongress.com/priorities/health-care
Jim Clyburn,SC-06,Solid D,Does not support Medicare for All,News coverage,https://www.postandcourier.com/news/south-carolina-rep-jim-clyburn-calls-on-democrats-to-take/article_d4e7549c-1630-11e7-a07e-8728b3fc4778.html
John Vincent,SC-07,Solid R,Does not support Medicare for All,News coverage,https://horrydemocrats.org/about-us/democratic-candidates/john-vincent/
Nikki Gronli,SD-AL,Solid R,Does not support Medicare for All,Campaign site,https://www.nikkigforsd.com/services-8
Kristi Burke,TN-01,Solid R,Supports Medicare for All or single-payer,News coverage,https://www.votekristiburke.com/non-negotiables
Michaela Barnett,TN-02,Solid R,Does not support Medicare for All,Campaign site,https://www.michaelafortennessee.com/healthcare-focused-on-people-not-profits
Anna Golladay,TN-03,Solid R,Does not support Medicare for All,Campaign site,https://annagolladay.com/healthcare
Victoria Broderick,TN-04,Solid R,Supports Medicare for All or single-payer,Reviewed by hand,https://nashvillebanner.com/2026/07/16/victoria-broderick-congress-tennessee-district-4/
Chaz Molder,TN-05,Solid R,Does not support Medicare for All,Campaign site,https://chazmolder.com/issues
Mike Croley,TN-06,Solid R,Does not support Medicare for All,News coverage,https://croleyforcongress.com/what-i-will-fight-for/
Darden Copeland,TN-07,Solid R,Does not support Medicare for All,News coverage,https://nashvillebanner.com/2026/07/16/darden-copeland-congress-tennessee-district-7/
Heidi Kuhn,TN-08,Solid R,Does not support Medicare for All,Campaign site,https://kuhnforcongress.com/issues
Justin J. Pearson,TN-09,Solid R,Supports Medicare for All or single-payer,Campaign site,https://www.votejustinj.com/issues
Yolanda Prince,TX-01,Solid R,Supports Medicare for All or single-payer,Campaign site,https://yolandaprince.com/issues
Shaun Finnie,TX-02,Solid R,Does not support Medicare for All,News coverage,https://shaunfinnieforcongress.com/
Evan Hunt,TX-03,Solid R,Does not support Medicare for All,Campaign site,https://www.electevanhunt.com/
Jason Pearce,TX-04,Solid R,Does not support Medicare for All,News coverage,https://www.pearcefortexas.com/platform
Chelsey Hockett,TX-05,Solid R,Supports Medicare for All or single-payer,News coverage,https://www.lonestarleft.com/p/meet-the-candidates-chelsey-hockett
Danny Minton,TX-06,Solid R,Does not support Medicare for All,Campaign site,https://www.dannyfortexas.com/
Lizzie Fletcher,TX-07,Solid D,Does not support Medicare for All,News coverage,https://www.politifact.com/factchecks/2018/oct/30/john-culberson/lizzie-fletcher-does-not-want-government-funded-un/
Laura Jones,TX-08,Solid R,Supports Medicare for All or single-payer,Campaign site,https://www.laura4tx.com/
Leticia Gutierrez,TX-09,Solid R,Does not support Medicare for All,Campaign site,https://www.leticiaforcongress.com/
Caitlin Rourk,TX-10,Solid R,Does not support Medicare for All,News coverage,https://www.caitlinrourk.com/issues
Claire Reynolds,TX-11,Solid R,Supports Medicare for All or single-payer,Campaign site,https://www.clairereynoldsforcongress.org/
Angela Rodriguez Prilliman,TX-12,Solid R,Supports Medicare for All or single-payer,News coverage,https://www.helifortexas.com/
Mark Nair,TX-13,Solid R,Supports Medicare for All or single-payer,Campaign site,https://www.marknair.com/platform
Thurman Bartie,TX-14,Solid R,Does not support Medicare for All,Campaign site,https://votebartie.org/
Bobby Pulido,TX-15,Lean R,Does not support Medicare for All,Campaign site,https://www.bobbypulidofortexas.com/issues
Veronica Escobar,TX-16,Solid D,Supports Medicare for All or single-payer,Cosponsors H.R. 3069,https://www.govtrack.us/congress/bills/119/hr3069/cosponsors
Casey Shepard,TX-17,Solid R,Does not support Medicare for All,Campaign site,https://caseyshepardforcongress.com/
Christian Menefee,TX-18,Solid D,Supports Medicare for All or single-payer,Cosponsors H.R. 3069,https://www.govtrack.us/congress/bills/119/hr3069/cosponsors
Kyle Rable,TX-19,Solid R,Does not support Medicare for All,Campaign site,https://www.rableforwesttexas.com/
Joaquin Castro,TX-20,Solid D,Does not support Medicare for All,News coverage,https://www.texasobserver.org/texas-democrats-stand-single-payer-health-care/
Kristin Hook,TX-21,Solid R,Does not support Medicare for All,Campaign site,https://www.drkristinhook.org/
Marquette Greene-Scott,TX-22,Solid R,Supports Medicare for All or single-payer,News coverage,https://www.lonestarleft.com/p/which-texas-democratic-congressional
Katy Padilla Stout,TX-23,Likely R,Does not support Medicare for All,Campaign site,https://www.katyforcongress.com/issues
Kevin Burge,TX-24,Solid R,Supports Medicare for All or single-payer,Campaign site,https://www.burgeforcongress.com/
Dione Sims,TX-25,Solid R,Does not support Medicare for All,News coverage,https://dionesimsforcongress.com/
Steven Shook,TX-26,Solid R,Does not support Medicare for All,Campaign site,https://shookforcongress2026.com/
Tanya Lloyd,TX-27,Solid R,Supports Medicare for All or single-payer,News coverage,https://www.lonestarleft.com/p/meet-the-candidates-tanya-lloyd-for
Henry Cuellar,TX-28,Lean D,Does not support Medicare for All,News coverage,https://cuellar.house.gov/issues/issue/?IssueID=3834
Sylvia Garcia,TX-29,Solid D,Does not support Medicare for All,Reviewed by hand,https://www.sylviaforcongress.com/issues
Frederick Haynes III,TX-30,Solid D,Supports Medicare for All or single-payer,Reviewed by hand,https://theintercept.com/2026/02/04/texas-jasmine-crockett-house-primary-frederick-haynes/
Justin Early,TX-31,Solid R,Does not support Medicare for All,Campaign site,https://www.votejustinearly.com/
Dan Barrios,TX-32,Solid R,Does not support Medicare for All,Campaign site,https://www.danbarriosforcongress.com/accesstohealthcare
Colin Allred,TX-33,Solid D,Does not support Medicare for All,Reviewed by hand,https://colinallred.com/
Vicente Gonzalez,TX-34,Toss Up,Does not support Medicare for All,Campaign site,https://vicentegonzalez.com/accomplishments
Johnny Garcia,TX-35,Likely R,Does not support Medicare for All,Campaign site,https://www.votejohnnygarcia.com/general-5
Rhonda Hart,TX-36,Solid R,Does not support Medicare for All,No source,https://hart4congress.com/
Greg Casar,TX-37,Solid D,Supports Medicare for All or single-payer,Campaign site,https://www.casarforcongress.com/issues
Melissa McDonough,TX-38,Solid R,Does not support Medicare for All,Campaign site,https://melissaforcongress.com/
Ben McAdams,UT-01,Solid D,Does not support Medicare for All,Campaign site,https://benmcadams.com/
Peter Crosby,UT-02,Solid R,Supports Medicare for All or single-payer,Campaign site,https://petercrosbyforcongress.org/policies
Kent Udell,UT-03,Solid R,Does not support Medicare for All,Campaign site,https://www.kentudellforcongress.com/
Jonny Larsen,UT-04,Solid R,Does not support Medicare for All,No source,https://jonnyutah4congress.com/
Shannon Taylor,VA-01,Lean R,Does not support Medicare for All,Campaign site,https://shannontaylorva.com/
Elaine Luria,VA-02,Toss Up,Does not support Medicare for All,Campaign site,https://elaineforcongress.com/elaines-plan
Bobby Scott,VA-03,Solid D,Supports Medicare for All or single-payer,Cosponsors H.R. 3069,https://www.govtrack.us/congress/bills/119/hr3069/cosponsors
Jennifer McClellan,VA-04,Solid D,Does not support Medicare for All,Campaign site,https://jennifermcclellan.com/issue/healthcare
Tom Perriello,VA-05,Solid R,Does not support Medicare for All,Campaign site,https://www.tomperriello.com/priorities
Beth Macy,VA-06,Solid R,Supports Medicare for All or single-payer,Campaign site,https://bethmacyforcongress.com/priorities
Eugene Vindman,VA-07,Likely D,Does not support Medicare for All,Campaign site,https://vindmanforcongress.com/issues
Don Beyer,VA-08,Solid D,Supports Medicare for All or single-payer,Cosponsors H.R. 3069,https://www.govtrack.us/congress/bills/119/hr3069/cosponsors
Joy Powers,VA-09,Solid R,Does not support Medicare for All,Campaign site,https://www.joyforva.com/copy-of-priorities
Suhas Subramanyam,VA-10,Solid D,Does not support Medicare for All,Campaign site,https://www.suhasforvirginia.com/issues
James Walkinshaw,VA-11,Solid D,Does not support Medicare for All,Campaign site,https://jameswalkinshaw.org/priorities
Becca Balint,VT-AL,Solid D,Supports Medicare for All or single-payer,Cosponsors H.R. 3069,https://www.govtrack.us/congress/bills/119/hr3069/cosponsors
Suzan DelBene,WA-01,Solid D,Does not support Medicare for All,Campaign site,https://delbeneforcongress.com/issues/health-care
Rick Larsen,WA-02,Solid D,Does not support Medicare for All,Campaign site,https://www.ricklarsen.org/
Marie Gluesenkamp Perez,WA-03,Toss Up,Does not support Medicare for All,Campaign site,https://marieforcongress.com/issues
John Duresky,WA-04,Solid R,Does not support Medicare for All,Campaign site,https://www.johnduresky4congress.com/issues
Carmela Conroy,WA-05,Solid R,Does not support Medicare for All,Campaign site,https://conroy4congress.com/priorities
Emily Randall,WA-06,Solid D,Supports Medicare for All or single-payer,Cosponsors H.R. 3069,https://www.govtrack.us/congress/bills/119/hr3069/cosponsors
Pramila Jayapal,WA-07,Solid D,Supports Medicare for All or single-payer,Cosponsors H.R. 3069,https://www.govtrack.us/congress/bills/119/hr3069/cosponsors
Kim Schrier,WA-08,Solid D,Does not support Medicare for All,Campaign site,https://www.drkimschrier.com/accomplishments
Adam Smith,WA-09,Solid D,Supports Medicare for All or single-payer,Cosponsors H.R. 3069,https://www.govtrack.us/congress/bills/119/hr3069/cosponsors
Marilyn Strickland,WA-10,Solid D,Does not support Medicare for All,News coverage,https://stricklandforwashington.com/priorities/universal-health-care/
Mitchell Berman,WI-01,Likely R,Does not support Medicare for All,Campaign site,https://www.bermanforcongress.com/priorities
Mark Pocan,WI-02,Solid D,Supports Medicare for All or single-payer,Cosponsors H.R. 3069,https://www.govtrack.us/congress/bills/119/hr3069/cosponsors
Rebecca Cooke,WI-03,Toss Up,Does not support Medicare for All,Campaign site,https://cookeforwisconsin.com/priorities
Gwen Moore,WI-04,Solid D,Does not support Medicare for All,Reviewed by hand,https://www.ueunion.org/political-action/2019/ue-members-press-congresswoman-gwen-moore-to-support-medicare-for-all
Andrew Beck,WI-05,Solid R,Does not support Medicare for All,Campaign site,https://www.beckforcongress.com/issues
Brad Smith,WI-06,Solid R,Does not support Medicare for All,Campaign site,https://www.bradsmithforcongress.com/priorities-and-positions
Fred Clark,WI-07,Solid R,Does not support Medicare for All,Campaign site,https://www.clarkforwi.com/issues/issue-2
Rick Crosson,WI-08,Solid R,Does not support Medicare for All,Campaign site,https://rickcrosson.com/issues
Vince George,WV-01,Solid R,Supports Medicare for All or single-payer,Campaign site,https://www.vincegeorgeforcongress.com/
Ace Parsi,WV-02,Solid R,Supports Medicare for All or single-payer,Campaign site,https://www.aceforcongress.com/aceplatform
Lisa F. Kinney,WY-AL,Solid R,Does not support Medicare for All,Campaign site,https://lisakinneyforcongress.com/
